{"train_loss": 6.528411260117955e-07, "val_loss": 1.5042844284325838, "top1_acc": 0.8997993119266054, "top5_acc": 0.8997993119266054, "_timestamp": 1741355366, "_runtime": 5860, "_step": 799, "_wandb": {"runtime": 5909}}