{"train_loss": 0.00011158629400720851, "val_loss": 3.5181374132633207, "top1_acc": 0.8595183486238532, "top5_acc": 0.8595183486238532, "_timestamp": 1741299927, "_runtime": 2496, "_step": 799, "_wandb": {"runtime": 2500}}