{"loss": 0.015467997381670607, "top1_acc": 0.9942076659038902, "top5_acc": 0.9942076659038902, "_timestamp": 1741214506, "_runtime": 18196, "_step": 49, "_wandb": {"runtime": 18196}}