{"train_loss": 0.0002026792743564881, "val_loss": 3.506773388385773, "top1_acc": 0.8610951834862385, "top5_acc": 0.8610951834862385, "_timestamp": 1741302545, "_runtime": 2606, "_step": 799, "_wandb": {"runtime": 2611}}