{"train_loss": 2.263492727661133, "val_loss": 2.26243679864066, "top1_acc": 0.211, "top5_acc": 0.211, "_timestamp": 1741372989, "_runtime": 121, "_step": 3}