{"train_loss": 1.319859721883138, "val_loss": 1.3521356752940588, "top1_acc": 0.7475, "top5_acc": 0.7475, "_timestamp": 1741373623, "_runtime": 755, "_step": 36}