{"train_loss": 1.0791068295988384e-06, "val_loss": 3.7734019994735717, "top1_acc": 0.8825974770642202, "top5_acc": 0.8825974770642202, "_timestamp": 1741349127, "_runtime": 8193, "_step": 799, "_wandb": {"runtime": 8217}}