{"train_loss": 0.014538467728665896, "val_loss": 1.61104496717453, "top1_acc": 0.8536410550458715, "top5_acc": 0.8536410550458715, "_timestamp": 1741295386, "_runtime": 1909, "_step": 799, "_wandb": {"runtime": 1912}}