{"acc": 0.8502492315129924, "loss": 0.20504510994573022, "_timestamp": 1741099237, "_runtime": 6, "_step": 7, "_wandb": {"runtime": 6}}