{"acc": 0.9436727961232593, "loss": 0.052699361787241314, "_timestamp": 1741098851, "_runtime": 5, "_step": 7, "_wandb": {"runtime": 4}}