{"train_loss": 0.033048021007695105, "val_loss": 1.2991216778755188, "top1_acc": 0.8496272935779816, "top5_acc": 0.8496272935779816, "_timestamp": 1741297422, "_runtime": 2026, "_step": 799, "_wandb": {"runtime": 2027}}