{"train_loss": 0.21299886787235736, "val_loss": 0.2444930076599121, "top1_acc": 0.9385, "top5_acc": 0.9385, "_timestamp": 1741293456, "_runtime": 7222, "_step": 799, "_wandb": {"runtime": 7225}}