{"top1_acc": 0.9915617848970252, "top5_acc": 0.9915617848970252, "_timestamp": 1741196201, "_runtime": 82, "_step": 12, "_wandb": {"runtime": 81}}